,Accuracy Score,Precision Score,Recall Score,F1 Score
KNeighbors Classifier,0.7892857142857144,0.8142857142857143,0.9333333333333332,0.8664335664335665
SVC,0.7857142857142858,0.8238095238095238,0.9333333333333333,0.8687645687645688
Random Forest Classifier,0.7321428571428572,0.8142857142857143,0.8666666666666666,0.8264335664335665
Logistic Regression,0.65,0.8028571428571428,0.76,0.76
Decision Tree Classifier,0.6,0.76,0.6933333333333334,0.7151515151515151
